Compound,"Vial nr",Group,Experiment,"Cluster number","conc (1mg/L)",solvent,"Cas nr","Bruto formula",m/z,"ionisation mode",MOLECULAR_FORMULA,MONOISOTOPIC_MASS,INPUT,FOUND_BY,DTXSID,DTXSID,PREFERRED_NAME,CASRN,INCHIKEY,IUPAC_NAME,SMILES,INCHI_STRING,MOLECULAR_FORMULA,MONOISOTOPIC_MASS,MS_READY_SMILES,"SusDat ID","mzcloud link"
2-Nitrohydroquinone,21,DBP,Clusters,#N/A,1,"MilliQ Water",16090-33-8,C6H5O4N,154.0145809,neg,C6H5NO4,155.021857645,16090-33-8,CAS-RN,DTXSID10167037,DTXSID10167037,"1,4-Benzenediol, 2-nitro-",16090-33-8,VIIYYMZOGKODQG-UHFFFAOYSA-N,"2-Nitrobenzene-1,4-diol",OC1=CC(=C(O)C=C1)[N+]([O-])=O,"InChI=1S/C6H5NO4/c8-4-1-2-6(9)5(3-4)7(10)11/h1-3,8-9H",C6H5NO4,155.021857645,OC1=CC(=C(O)C=C1)[N+]([O-])=O,,
3-nitroindole,70,DBP,Clusters,#N/A,1,"MilliQ Water",4770-03-0,C8H6N2O2,161.0357,neg,C8H6N2O2,162.042927441,4770-03-0,CAS-RN,DTXSID20454566,DTXSID20454566,3-nitro-1H-indole,4770-03-0,LSMXNZJFLGIPMS-UHFFFAOYSA-N,3-Nitro-1H-indole,[O-][N+](=O)C1=CNC2=CC=CC=C12,"InChI=1S/C8H6N2O2/c11-10(12)8-5-9-7-4-2-1-3-6(7)8/h1-5,9H",C8H6N2O2,162.042927441,[O-][N+](=O)C1=CNC2=CC=CC=C12,,
"4-Nitro-1,3-benzenediol",20,DBP,Clusters,#N/A,1,"MilliQ Water",3163-07-3,C6H5O4N,154.0145809,neg,C6H5NO4,155.021857645,3163-07-3,CAS-RN,DTXSID60185509,DTXSID60185509,4-Nitroresorcinol,3163-07-3,CYEZXDVLBGFROE-UHFFFAOYSA-N,"4-Nitrobenzene-1,3-diol",OC1=CC(O)=C(C=C1)[N+]([O-])=O,"InChI=1S/C6H5NO4/c8-4-1-2-5(7(10)11)6(9)3-4/h1-3,8-9H",C6H5NO4,155.021857645,OC1=CC(O)=C(C=C1)[N+]([O-])=O,,
4-Nitrophenol,5,DBP,Clusters,#N/A,1,"MilliQ Water","100-02-7 ",C6H5NO3,138.01967,neg,C6H5NO3,139.026943025,100-02-7,CAS-RN,DTXSID0021834,DTXSID0021834,4-Nitrophenol,100-02-7,BTJIUGUIPKRLHP-UHFFFAOYSA-N,4-Nitrophenol,OC1=CC=C(C=C1)[N+]([O-])=O,"InChI=1S/C6H5NO3/c8-6-3-1-5(2-4-6)7(9)10/h1-4,8H",C6H5NO3,139.026943025,OC1=CC=C(C=C1)[N+]([O-])=O,,
4-Nitrocatechol,7,DBP,Clusters,#N/A,1,"MilliQ Water","3316-09-4 ",C6H5NO4,154.01458,neg,C6H5NO4,155.021857645,3316-09-4,CAS-RN,DTXSID10186804,DTXSID10186804,4-Nitrocatechol,3316-09-4,XJNPNXSISMKQEX-UHFFFAOYSA-N,"4-Nitrobenzene-1,2-diol",OC1=C(O)C=C(C=C1)[N+]([O-])=O,"InChI=1S/C6H5NO4/c8-5-2-1-4(7(10)11)3-6(5)9/h1-3,8-9H",C6H5NO4,155.021857645,OC1=C(O)C=C(C=C1)[N+]([O-])=O,,
"2-​Hydroxy-​5-​nitrobenzoic acid",9,DBP,Clusters,#N/A,1,"MilliQ Water",96-97-9,C7H5NO5,182.0094955,neg,C7H5NO5,183.016772265,96-97-9,CAS-RN,DTXSID2059142,DTXSID2059142,"Benzoic acid, 2-hydroxy-5-nitro-",96-97-9,PPDRLQLKHRZIJC-UHFFFAOYSA-N,"2-Hydroxy-5-nitrobenzoic acid",OC(=O)C1=C(O)C=CC(=C1)[N+]([O-])=O,"InChI=1S/C7H5NO5/c9-6-2-1-4(8(12)13)3-5(6)7(10)11/h1-3,9H,(H,10,11)",C7H5NO5,183.016772265,OC(=O)C1=C(O)C=CC(=C1)[N+]([O-])=O,,
5-Nitrovanillin,11,DBP,Clusters,#N/A,1,"MilliQ Water","6635-20-7 ",C8H7NO5,196.02515,neg,C8H7NO5,197.032422329,6635-20-7,CAS-RN,DTXSID2075344,DTXSID2075344,5-Nitrovanillin,6635-20-7,ZEHYRTJBFMZHCY-UHFFFAOYSA-N,4-Hydroxy-3-methoxy-5-nitrobenzaldehyde,COC1=C(O)C(=CC(C=O)=C1)[N+]([O-])=O,"InChI=1S/C8H7NO5/c1-14-7-3-5(4-10)2-6(8(7)11)9(12)13/h2-4,11H,1H3",C8H7NO5,197.032422329,COC1=C(O)C(=CC(C=O)=C1)[N+]([O-])=O,,
"4-Nitrophthalic acid",14,DBP,Clusters,#N/A,1,"MilliQ Water","610-27-5 ",C8H5NO6,210.0044101,neg,C8H5NO6,211.011686885,610-27-5,CAS-RN,DTXSID8060581,DTXSID8060581,"1,2-Benzenedicarboxylic acid, 4-nitro-",610-27-5,SLBQXWXKPNIVSQ-UHFFFAOYSA-N,"4-Nitrobenzene-1,2-dicarboxylic acid",OC(=O)C1=C(C=C(C=C1)[N+]([O-])=O)C(O)=O,"InChI=1S/C8H5NO6/c10-7(11)5-2-1-4(9(14)15)3-6(5)8(12)13/h1-3H,(H,10,11)(H,12,13)",C8H5NO6,211.011686885,OC(=O)C1=C(C=C(C=C1)[N+]([O-])=O)C(O)=O,,
"2,4-Dinitrophenol",16,DBP,Clusters,#N/A,1,"MilliQ Water","51-28-5 ",C6H4N2O5,183.00474,neg,C6H4N2O5,184.012021237,51-28-5,CAS-RN,DTXSID0020523,DTXSID0020523,"2,4-Dinitrophenol",51-28-5,UFBJCMHMOXMLKC-UHFFFAOYSA-N,"2,4-Dinitrophenol",OC1=C(C=C(C=C1)[N+]([O-])=O)[N+]([O-])=O,"InChI=1S/C6H4N2O5/c9-6-2-1-4(7(10)11)3-5(6)8(12)13/h1-3,9H",C6H4N2O5,184.012021237,OC1=C(C=C(C=C1)[N+]([O-])=O)[N+]([O-])=O,,
"4-Hydroxy-3-nitrobenzoic acid",25,DBP,Clusters,#N/A,1,"MilliQ Water","616-82-0 ",C7H5NO5,182.0094955,neg,C7H5NO5,183.016772265,616-82-0,CAS-RN,DTXSID20210609,DTXSID20210609,"4-Hydroxy-3-nitrobenzoic acid",616-82-0,QRYSWXFQLFLJTC-UHFFFAOYSA-N,"4-Hydroxy-3-nitrobenzoic acid",OC(=O)C1=CC(=C(O)C=C1)[N+]([O-])=O,"InChI=1S/C7H5NO5/c9-6-2-1-4(7(10)11)3-5(6)8(12)13/h1-3,9H,(H,10,11)",C7H5NO5,183.016772265,OC(=O)C1=CC(=C(O)C=C1)[N+]([O-])=O,,
"2-Hydroxy-3-nitrobenzoic acid",27,DBP,Clusters,#N/A,1,"MilliQ Water","85-38-1 ",C7H5NO5,182.0094955,neg,C7H5NO5,183.016772265,85-38-1,CAS-RN,DTXSID80234048,DTXSID80234048,"3-Nitrosalicylic acid",85-38-1,WWWFHFGUOIQNJC-UHFFFAOYSA-N,"2-Hydroxy-3-nitrobenzoic acid",OC(=O)C1=C(O)C(=CC=C1)[N+]([O-])=O,"InChI=1S/C7H5NO5/c9-6-4(7(10)11)2-1-3-5(6)8(12)13/h1-3,9H,(H,10,11)",C7H5NO5,183.016772265,OC(=O)C1=C(O)C(=CC=C1)[N+]([O-])=O,,
Dinoterb,35,DBP,Clusters,#N/A,1,"MilliQ Water","1420-07-1 ",C10H12N2O5,239.0673447,neg,C10H12N2O5,240.074621494,1420-07-1,CAS-RN,DTXSID7041883,DTXSID7041883,Dinoterb,1420-07-1,IIPZYDQGBIWLBU-UHFFFAOYSA-N,"2-tert-Butyl-4,6-dinitrophenol",CC(C)(C)C1=CC(=CC(=C1O)[N+]([O-])=O)[N+]([O-])=O,"InChI=1S/C10H12N2O5/c1-10(2,3)7-4-6(11(14)15)5-8(9(7)13)12(16)17/h4-5,13H,1-3H3",C10H12N2O5,240.074621494,CC(C)(C)C1=CC(=CC(=C1O)[N+]([O-])=O)[N+]([O-])=O,,
"3,5-Dinitrosalicylic acid",38,DBP,Clusters,#N/A,1,"MilliQ Water","609-99-4 ",C7H4N2O7,226.9945737,neg,C7H4N2O7,228.001850477,609-99-4,CAS-RN,DTXSID9060576,DTXSID9060576,"Benzoic acid, 2-hydroxy-3,5-dinitro-",609-99-4,LWFUFLREGJMOIZ-UHFFFAOYSA-N,"2-Hydroxy-3,5-dinitrobenzoic acid",OC(=O)C1=C(O)C(=CC(=C1)[N+]([O-])=O)[N+]([O-])=O,"InChI=1S/C7H4N2O7/c10-6-4(7(11)12)1-3(8(13)14)2-5(6)9(15)16/h1-2,10H,(H,11,12)",C7H4N2O7,228.001850477,OC(=O)C1=C(O)C(=CC(=C1)[N+]([O-])=O)[N+]([O-])=O,,
2-Methyl-4-nitrophenol,41,DBP,Clusters,#N/A,1,"MilliQ Water",99-53-6,C7H7NO3,152.0353,neg,C7H7NO3,153.042593089,99-53-6,CAS-RN,DTXSID4073889,DTXSID4073889,"Phenol, 2-methyl-4-nitro-",99-53-6,KDQPMQNHVQVVMR-UHFFFAOYSA-N,2-Methyl-4-nitrophenol,CC1=C(O)C=CC(=C1)[N+]([O-])=O,"InChI=1S/C7H7NO3/c1-5-4-6(8(10)11)2-3-7(5)9/h2-4,9H,1H3",C7H7NO3,153.042593089,CC1=C(O)C=CC(=C1)[N+]([O-])=O,,
2-Methoxy-4-nitrophenol,46,DBP,Clusters,#N/A,1,"MilliQ Water","3251-56-7 ",C7H7NO4,168.0302,neg,C7H7NO4,169.037507709,3251-56-7,CAS-RN,DTXSID4062935,DTXSID4062935,"Phenol, 2-methoxy-4-nitro-",3251-56-7,IZLVFLOBTPURLP-UHFFFAOYSA-N,2-Methoxy-4-nitrophenol,COC1=CC(=CC=C1O)[N+]([O-])=O,"InChI=1S/C7H7NO4/c1-12-7-4-5(8(10)11)2-3-6(7)9/h2-4,9H,1H3",C7H7NO4,169.037507709,COC1=CC(=CC=C1O)[N+]([O-])=O,,
"2-Amino-3-nitrobenzoic acid",55,DBP,Clusters,#N/A,1,"MilliQ Water","606-18-8 ",C7H6N2O4,181.0255,neg,C7H6N2O4,182.032756681,606-18-8,CAS-RN,DTXSID60277211,DTXSID60277211,"2-Amino-3-nitrobenzoic acid",606-18-8,JJPIVRWTAGQTPQ-UHFFFAOYSA-N,"2-Amino-3-nitrobenzoic acid",NC1=C(C=CC=C1[N+]([O-])=O)C(O)=O,"InChI=1S/C7H6N2O4/c8-6-4(7(10)11)2-1-3-5(6)9(12)13/h1-3H,8H2,(H,10,11)",C7H6N2O4,182.032756681,NC1=C(C=CC=C1[N+]([O-])=O)C(O)=O,,
"4-nitrobenzenesulfonic acid",22,DBP,Clusters,#N/A,1,"MilliQ Water",138-42-1,C6H5NO5S,201.9815662,neg,C6H5NO5S,202.988843439,138-42-1,CAS-RN,DTXSID3059682,DTXSID3059682,"Benzenesulfonic acid, 4-nitro-",138-42-1,SPXOTSHWBDUUMT-UHFFFAOYSA-N,"4-Nitrobenzene-1-sulfonic acid",OS(=O)(=O)C1=CC=C(C=C1)[N+]([O-])=O,"InChI=1S/C6H5NO5S/c8-7(9)5-1-3-6(4-2-5)13(10,11)12/h1-4H,(H,10,11,12)",C6H5NO5S,202.988843439,OS(=O)(=O)C1=CC=C(C=C1)[N+]([O-])=O,,
"2-methoxy-4,6-dinitrophenol",2,DBP,Clusters,#N/A,1,"MilliQ Water",4097-63-6,C7H6N2O6,213.01531,neg,C7H6N2O6,214.022585921,4097-63-6,CAS-RN,DTXSID30193974,DTXSID30193974,"Phenol, 2,4-dinitro-6-methoxy-",4097-63-6,ASODNZCPFZQUKR-UHFFFAOYSA-N,"2-Methoxy-4,6-dinitrophenol",COC1=CC(=CC(=C1O)[N+]([O-])=O)[N+]([O-])=O,"InChI=1S/C7H6N2O6/c1-15-6-3-4(8(11)12)2-5(7(6)10)9(13)14/h2-3,10H,1H3",C7H6N2O6,214.022585921,COC1=CC(=CC(=C1O)[N+]([O-])=O)[N+]([O-])=O,,
"4-Hydroxy-3-nitrobenzenesulfonic acid",52,DBP,Clusters,#N/A,1,"MilliQ Water",616-85-3,C6H5NO6S,217.9765,neg,C6H5NO6S,218.983758059,616-85-3,CAS-RN,DTXSID30210610,DTXSID30210610,"4-Hydroxy-3-nitrobenzenesulphonic acid",616-85-3,JBMAUZQHVVHPEL-UHFFFAOYSA-N,"4-Hydroxy-3-nitrobenzene-1-sulfonic acid",OC1=C(C=C(C=C1)S(O)(=O)=O)[N+]([O-])=O,"InChI=1S/C6H5NO6S/c8-6-2-1-4(14(11,12)13)3-5(6)7(9)10/h1-3,8H,(H,11,12,13)",C6H5NO6S,218.983758059,OC1=C(C=C(C=C1)S(O)(=O)=O)[N+]([O-])=O,,
"Aflatoxin B2",1,Castellon,Clusters,11,"1; 0.01","MilliQ Water",7220-81-7,C17H14O6,315.0863146,pos,C17H14O6,314.079038171,"Aflatoxin B2","Approved Name",DTXSID70222535,DTXSID70222535,"Aflatoxin B2",7220-81-7,WWSYXEZEXMQWHT-WNWIJWBNSA-N,"(6aR,9aS)-4-Methoxy-2,3,6a,8,9,9a-hexahydrocyclopenta[c]furo[3',2':4,5]furo[2,3-h][1]benzopyran-1,11-dione",COC1=C2C3=C(C(=O)CC3)C(=O)OC2=C2[C@@H]3CCO[C@@H]3OC2=C1,"InChI=1S/C17H14O6/c1-20-10-6-11-14(8-4-5-21-17(8)22-11)15-13(10)7-2-3-9(18)12(7)16(19)23-15/h6,8,17H,2-5H2,1H3/t8-,17+/m0/s1",C17H14O6,314.079038171,COC1=CC2=C(C3CCOC3O2)C2=C1C1=C(C(=O)CC1)C(=O)O2,NS00002752,
"Amikacin ",2,Castellon,Clusters,7,"1; 0.01","MilliQ Water",37517-28-5,C22H43N5O13,586.2930127,pos,C22H43N5O13,585.285736465,Amikacin,"Approved Name",DTXSID3022586,DTXSID3022586,Amikacin,37517-28-5,LKCWBDHBTVXHDL-RMDFUYIESA-N,"(2S)-4-Amino-N-{(1R,2S,3S,4R,5S)-5-amino-2-[(3-amino-3-deoxy-alpha-D-glucopyranosyl)oxy]-4-[(6-amino-6-deoxy-alpha-D-glucopyranosyl)oxy]-3-hydroxycyclohexyl}-2-hydroxybutanamide",NCC[C@H](O)C(=O)N[C@@H]1C[C@H](N)[C@@H](O[C@H]2O[C@H](CN)[C@@H](O)[C@H](O)[C@H]2O)[C@H](O)[C@H]1O[C@H]1O[C@H](CO)[C@@H](O)[C@H](N)[C@H]1O,"InChI=1S/C22H43N5O13/c23-2-1-8(29)20(36)27-7-3-6(25)18(39-22-16(34)15(33)13(31)9(4-24)37-22)17(35)19(7)40-21-14(32)11(26)12(30)10(5-28)38-21/h6-19,21-22,28-35H,1-5,23-26H2,(H,27,36)/t6-,7+,8-,9+,10+,11-,12+,13+,14+,15-,16+,17-,18+,19-,21+,22+/m0/s1",C22H43N5O13,585.285736465,NCCC(O)C(=O)NC1CC(N)C(OC2OC(CN)C(O)C(O)C2O)C(O)C1OC1OC(CO)C(O)C(N)C1O,NS00006181,
Bromopropylate,3,Castellon,Clusters,12,"1; 0.01","MilliQ Water",18181-80-1,C17H16Br2O3,426.9538961,pos,C17H16Br2O3,425.94662,Bromopropylate,"Approved Name",DTXSID1034397,DTXSID1034397,Bromopropylate,18181-80-1,FOANIXZHAMJWOI-UHFFFAOYSA-N,"Propan-2-yl bis(4-bromophenyl)(hydroxy)acetate",CC(C)OC(=O)C(O)(C1=CC=C(Br)C=C1)C1=CC=C(Br)C=C1,"InChI=1S/C17H16Br2O3/c1-11(2)22-16(20)17(21,12-3-7-14(18)8-4-12)13-5-9-15(19)10-6-13/h3-11,21H,1-2H3",C17H16Br2O3,425.94662,CC(C)OC(=O)C(O)(C1=CC=C(Br)C=C1)C1=CC=C(Br)C=C1,NS00004515,
Demeton-S-methylsulphon,4,Castellon,Clusters,7,"1; 0.01","MilliQ Water",17040-19-6,C6H15O5PS2,263.017128,pos,C6H15O5PS2,262.009852929,Demeton-S-methylsulphon,"Approved Name",DTXSID4037582,DTXSID4037582,Demeton-S-methylsulphon,17040-19-6,PZIRJMYRYORVIT-UHFFFAOYSA-N,"S-[2-(Ethanesulfonyl)ethyl] O,O-dimethyl phosphorothioate",CCS(=O)(=O)CCSP(=O)(OC)OC,"InChI=1S/C6H15O5PS2/c1-4-14(8,9)6-5-13-12(7,10-2)11-3/h4-6H2,1-3H3",C6H15O5PS2,262.009852929,CCS(=O)(=O)CCSP(=O)(OC)OC,NS00015269,
Epoxiconazole,5,Castellon,Clusters,18,"1; 0.01","MilliQ Water",133855-98-8,C17H13ClFN3O,330.0803945,pos,C17H13ClFN3O,329.0731179,Epoxiconazole,"Approved Name",DTXSID1040372,DTXSID1040372,Epoxiconazole,133855-98-8,ZMYFCFLJBGAQRS-UHFFFAOYSA-N,"1-{[3-(2-Chlorophenyl)-2-(4-fluorophenyl)oxiran-2-yl]methyl}-1H-1,2,4-triazole",FC1=CC=C(C=C1)C1(CN2C=NC=N2)OC1C1=C(Cl)C=CC=C1,"InChI=1/C17H13ClFN3O/c18-15-4-2-1-3-14(15)16-17(23-16,9-22-11-20-10-21-22)12-5-7-13(19)8-6-12/h1-8,10-11,16H,9H2",C17H13ClFN3O,329.0731179,FC1=CC=C(C=C1)C1(CN2C=NC=N2)OC1C1=C(Cl)C=CC=C1,NS00009136,
"Fenofibric acid",6,Castellon,Clusters,11,"1; 0.01","MilliQ Water",42017-89-0,C17H15ClO4,319.0731632,"pos; neg",C17H15ClO4,318.0658867,"Fenofibric acid","Approved Name",DTXSID8041030,DTXSID8041030,"Fenofibric acid",42017-89-0,MQOBSOSZFYZQOK-UHFFFAOYSA-N,"2-[4-(4-Chlorobenzoyl)phenoxy]-2-methylpropanoic acid",CC(C)(OC1=CC=C(C=C1)C(=O)C1=CC=C(Cl)C=C1)C(O)=O,"InChI=1S/C17H15ClO4/c1-17(2,16(20)21)22-14-9-5-12(6-10-14)15(19)11-3-7-13(18)8-4-11/h3-10H,1-2H3,(H,20,21)",C17H15ClO4,318.0658867,CC(C)(OC1=CC=C(C=C1)C(=O)C1=CC=C(Cl)C=C1)C(O)=O,NS00000286,
Flubendazole,7,Castellon,Clusters,8,"1; 0.01","MilliQ Water",31430-15-6,C16H12FN3O3,314.093546,pos,C16H12FN3O3,313.086269421,Flubendazole,"Approved Name",DTXSID8023058,DTXSID8023058,Flubendazole,31430-15-6,CPEUVMUXAHMANV-UHFFFAOYSA-N,"Methyl [6-(4-fluorobenzoyl)-1H-benzimidazol-2-yl]carbamate",COC(=O)NC1=NC2=CC=C(C=C2N1)C(=O)C1=CC=C(F)C=C1,"InChI=1S/C16H12FN3O3/c1-23-16(22)20-15-18-12-7-4-10(8-13(12)19-15)14(21)9-2-5-11(17)6-3-9/h2-8H,1H3,(H2,18,19,20,22)",C16H12FN3O3,313.086269421,COC(=O)NC1=NC2=CC=C(C=C2N1)C(=O)C1=CC=C(F)C=C1,NS00008198,
Furazolidone,8,Castellon,Clusters,18,"1; 0.01","MilliQ Water",67-45-8,C8H7N3O5,226.0458468,pos,C8H7N3O5,225.038570337,Furazolidone,"Approved Name",DTXSID4041997,DTXSID4041997,Furazolidone,67-45-8,PLHJDBGFXBMTGZ-WEVVVXLNSA-N,"3-{(E)-[(5-Nitrofuran-2-yl)methylidene]amino}-1,3-oxazolidin-2-one",[O-][N+](=O)C1=CC=C(O1)\C=N\N1CCOC1=O,"InChI=1S/C8H7N3O5/c12-8-10(3-4-15-8)9-5-6-1-2-7(16-6)11(13)14/h1-2,5H,3-4H2/b9-5+",C8H7N3O5,225.038570337,[O-][N+](=O)C1=CC=C(O1)C=NN1CCOC1=O,NS00003471,
"Imipenem ",9,Castellon,Clusters,15,"1; 0.01","MilliQ Water",64221-86-9,C12H17N3O4S,300.1012532,pos,C12H17N3O4S,299.093977213,Imipenem,"Approved Name",DTXSID2023143,DTXSID2023143,Imipenem,64221-86-9,ZSKVGTPCRGIANV-ZXFLCMHBSA-N,"(5R,6S)-6-[(1R)-1-Hydroxyethyl]-3-({2-[(iminomethyl)amino]ethyl}sulfanyl)-7-oxo-1-azabicyclo[3.2.0]hept-2-ene-2-carboxylic acid",[H][C@]12CC(SCCNC=N)=C(N1C(=O)[C@]2([H])[C@@H](C)O)C(O)=O,"InChI=1S/C12H17N3O4S/c1-6(16)9-7-4-8(20-3-2-14-5-13)10(12(18)19)15(7)11(9)17/h5-7,9,16H,2-4H2,1H3,(H2,13,14)(H,18,19)/t6-,7-,9-/m1/s1",C12H17N3O4S,299.093977213,CC(O)C1C2CC(SCCNC=N)=C(N2C1=O)C(O)=O,NS00005888,
"JWH-250 ",10,Castellon,Clusters,1,"1; 0.01","MilliQ Water",864445-43-2,C22H25NO2,336.19580551577,pos,C22H25NO2,335.188529049,JWH-250,"Approved Name",DTXSID40235556,DTXSID40235556,JWH-250,864445-43-2,FFLSJIQJQKDDCM-UHFFFAOYSA-N,2-(2-Methoxyphenyl)-1-(1-pentyl-1H-indol-3-yl)ethan-1-one,CCCCCN1C=C(C(=O)CC2=CC=CC=C2OC)C2=CC=CC=C12,"InChI=1S/C22H25NO2/c1-3-4-9-14-23-16-19(18-11-6-7-12-20(18)23)21(24)15-17-10-5-8-13-22(17)25-2/h5-8,10-13,16H,3-4,9,14-15H2,1-2H3",C22H25NO2,335.188529049,CCCCCN1C=C(C(=O)CC2=CC=CC=C2OC)C2=CC=CC=C12,NS00002333,
"N-Desmethyl Clarithromycin",11,Castellon,Clusters,15,"1; 0.01","MilliQ Water",101666-68-6,C37H67NO13,734.46851768777,pos,C37H67NO13,733.461241221,"N-Desmethyl Clarithromycin","Approved Name",DTXSID10454111,DTXSID10454111,"N-Desmethyl Clarithromycin",101666-68-6,CIJTVUQEURKBDL-RWJQBGPGSA-N,-,CC[C@H]1OC(=O)[C@H](C)[C@@H](O[C@H]2C[C@@](C)(OC)[C@@H](O)[C@H](C)O2)[C@H](C)[C@@H](O[C@@H]2O[C@H](C)C[C@H](NC)[C@H]2O)[C@@](C)(C[C@@H](C)C(=O)[C@H](C)[C@@H](O)[C@]1(C)O)OC,"InChI=1S/C37H67NO13/c1-14-25-37(10,44)30(41)20(4)27(39)18(2)16-36(9,46-13)32(51-34-28(40)24(38-11)15-19(3)47-34)21(5)29(22(6)33(43)49-25)50-26-17-35(8,45-12)31(42)23(7)48-26/h18-26,28-32,34,38,40-42,44H,14-17H2,1-13H3/t18-,19-,20+,21+,22-,23+,24+,25-,26+,28-,29+,30-,31+,32-,34+,35-,36-,37-/m1/s1",C37H67NO13,733.461241221,CCC1OC(=O)C(C)C(OC2CC(C)(OC)C(O)C(C)O2)C(C)C(OC2OC(C)CC(NC)C2O)C(C)(CC(C)C(=O)C(C)C(O)C1(C)O)OC,NS00000780,
Nitrofurazone,12,Castellon,Clusters,18,"1; 0.01","MilliQ Water",59-87-0,C6H6N4O4,199.04618115577,pos,C6H6N4O4,198.038904689,Nitrofurazone,"Approved Name",DTXSID5020944,DTXSID5020944,Nitrofurazone,59-87-0,IAIWVQXQOWNYOU-FPYGCLRLSA-N,(2E)-2-[(5-Nitrofuran-2-yl)methylidene]hydrazine-1-carboxamide,NC(=O)N\N=C\C1=CC=C(O1)[N+]([O-])=O,"InChI=1S/C6H6N4O4/c7-6(11)9-8-3-4-1-2-5(14-4)10(12)13/h1-3H,(H3,7,9,11)/b8-3+",C6H6N4O4,198.038904689,NC(=O)N=NCC1=CC=C(O1)[N+]([O-])=O,NS00000175,
Phenethylamine,13,Castellon,Clusters,4,"1; 0.01","MilliQ Water",64-04-0,C8H11N,122.09642582477,pos,C8H11N,121.089149358,Phenethylamine,"Approved Name",DTXSID5058773,DTXSID5058773,Phenethylamine,64-04-0,BHHGXPLMPWCGHP-UHFFFAOYSA-N,2-Phenylethan-1-amine,NCCC1=CC=CC=C1,"InChI=1S/C8H11N/c9-7-6-8-4-2-1-3-5-8/h1-5H,6-7,9H2",C8H11N,121.089149358,NCCC1=CC=CC=C1,NS00010853,
Piperacillin,14,Castellon,Clusters,13,"1; 0.01","MilliQ Water",61477-96-1,C23H27N5O7S,518.17039586977,pos,C23H27N5O7S,517.163119403,Piperacillin,"Approved Name",DTXSID2023482,DTXSID2023482,Piperacillin,61477-96-1,IVBHGBMCVLDMKU-GXNBUGAJSA-N,"(2S,5R,6R)-6-({(2R)-2-[(4-Ethyl-2,3-dioxopiperazine-1-carbonyl)amino]-2-phenylacetyl}amino)-3,3-dimethyl-7-oxo-4-thia-1-azabicyclo[3.2.0]heptane-2-carboxylic acid",CCN1CCN(C(=O)N[C@@H](C(=O)N[C@H]2[C@H]3SC(C)(C)[C@@H](N3C2=O)C(O)=O)C2=CC=CC=C2)C(=O)C1=O,"InChI=1S/C23H27N5O7S/c1-4-26-10-11-27(19(32)18(26)31)22(35)25-13(12-8-6-5-7-9-12)16(29)24-14-17(30)28-15(21(33)34)23(2,3)36-20(14)28/h5-9,13-15,20H,4,10-11H2,1-3H3,(H,24,29)(H,25,35)(H,33,34)/t13-,14-,15+,20-/m1/s1",C23H27N5O7S,517.163119403,CCN1CCN(C(=O)NC(C(=O)NC2C3SC(C)(C)C(N3C2=O)C(O)=O)C2=CC=CC=C2)C(=O)C1=O,NS00009682,
Sulfamerazine,15,Castellon,Clusters,8,"1; 0.01","MilliQ Water",127-79-7,C11H12N4O2S,265.07537328277,pos,C11H12N4O2S,264.068096816,Sulfamerazine,"Approved Name",DTXSID0023612,DTXSID0023612,Sulfamerazine,127-79-7,QPPBRPIAZZHUNT-UHFFFAOYSA-N,4-Amino-N-(4-methylpyrimidin-2-yl)benzene-1-sulfonamide,CC1=CC=NC(NS(=O)(=O)C2=CC=C(N)C=C2)=N1,"InChI=1S/C11H12N4O2S/c1-8-6-7-13-11(14-8)15-18(16,17)10-4-2-9(12)3-5-10/h2-7H,12H2,1H3,(H,13,14,15)",C11H12N4O2S,264.068096816,CC1=CC=NC(NS(=O)(=O)C2=CC=C(N)C=C2)=N1,NS00000004,
3-Nitrophenol,KK2-L03-D1,KWR,Clusters,3,1,"MilliQ Water",554-84-7,C6H5NO3,140.03421949177002,neg,C6H5NO3,139.026943025,554-84-7,CAS-RN,DTXSID2025765,DTXSID2025765,3-Nitrophenol,554-84-7,RTZZCYNQPHTPPL-UHFFFAOYSA-N,3-Nitrophenol,OC1=CC=CC(=C1)[N+]([O-])=O,"InChI=1S/C6H5NO3/c8-6-3-1-2-5(4-6)7(9)10/h1-4,8H",C6H5NO3,139.026943025,OC1=CC=CC(=C1)[N+]([O-])=O,NS00006762,
"Benzoic acid, 2-hydroxy-4-nitro-",KK2-L04-A2,KWR,Clusters,3,1,"MilliQ Water",619-19-2,C7H5NO5,184.02404873177,neg,C7H5NO5,183.016772265,619-19-2,CAS-RN,DTXSID5060695,DTXSID5060695,"Benzoic acid, 2-hydroxy-4-nitro-",619-19-2,UKWUOTZGXIZAJC-UHFFFAOYSA-N,"2-Hydroxy-4-nitrobenzoic acid",OC(=O)C1=C(O)C=C(C=C1)[N+]([O-])=O,"InChI=1S/C7H5NO5/c9-6-3-4(8(12)13)1-2-5(6)7(10)11/h1-3,9H,(H,10,11)",C7H5NO5,183.016772265,OC(=O)C1=C(O)C=C(C=C1)[N+]([O-])=O,NS00034844,
p-Xylene,KK3-L07-A1,KWR,Clusters,4,1,"MilliQ Water",106-42-3,C8H10,107.08552678877,NA,C8H10,106.078250322,106-42-3,CAS-RN,DTXSID2021868,DTXSID2021868,p-Xylene,106-42-3,URLKBWYHVLBVBO-UHFFFAOYSA-N,"1,4-Xylene",CC1=CC=C(C)C=C1,"InChI=1S/C8H10/c1-7-3-5-8(2)6-4-7/h3-6H,1-2H3",C8H10,106.078250322,CC1=CC=C(C)C=C1,NS00001217,
"2,2,4,5,5'-Pentochlorobiphenyl",KK2-L01-B5,KWR,Clusters,4,1,"MilliQ Water",37680-73-2,C12H5Cl5,324.89066516677,NA,C12H5Cl5,323.8833887,37680-73-2,CAS-RN,DTXSID8038304,DTXSID8038304,"2,2,4,5,5'-Pentochlorobiphenyl",37680-73-2,LAHWLEDBADHJGA-UHFFFAOYSA-N,"2,2',4,5,5'-Pentachloro-1,1'-biphenyl",ClC1=CC(=C(Cl)C=C1)C1=C(Cl)C=C(Cl)C(Cl)=C1,InChI=1S/C12H5Cl5/c13-6-1-2-9(14)7(3-6)8-4-11(16)12(17)5-10(8)15/h1-5H,C12H5Cl5,323.8833887,ClC1=CC(=C(Cl)C=C1)C1=C(Cl)C=C(Cl)C(Cl)=C1,NS00008675,
"Trimethylolpropane trimethacrylate",KK2-L05-A2,KWR,Clusters,6,1,"MilliQ Water",3290-92-4,C18H26O6,339.18021502377,NA,C18H26O6,338.172938557,3290-92-4,CAS-RN,DTXSID3027530,DTXSID3027530,"Trimethylolpropane trimethacrylate",3290-92-4,OKKRPWIIYQTPQF-UHFFFAOYSA-N,"2,2-Bis{[(2-methylprop-2-enoyl)oxy]methyl}butyl 2-methylprop-2-enoate (non-preferred name)",CCC(COC(=O)C(C)=C)(COC(=O)C(C)=C)COC(=O)C(C)=C,"InChI=1S/C18H26O6/c1-8-18(9-22-15(19)12(2)3,10-23-16(20)13(4)5)11-24-17(21)14(6)7/h2,4,6,8-11H2,1,3,5,7H3",C18H26O6,338.172938557,CCC(COC(=O)C(C)=C)(COC(=O)C(C)=C)COC(=O)C(C)=C,NS00010099,
"4-Chlorobenzoic acid",KK2-L06-D1,KWR,Clusters,12,1,"MilliQ Water",74-11-3,C7H5ClO2,157.00508356677,neg,C7H5ClO2,155.9978071,74-11-3,CAS-RN,DTXSID9024772,DTXSID9024772,"4-Chlorobenzoic acid",74-11-3,XRHGYUZYPHTUJZ-UHFFFAOYSA-N,"4-Chlorobenzoic acid",OC(=O)C1=CC=C(Cl)C=C1,"InChI=1S/C7H5ClO2/c8-6-3-1-5(2-4-6)7(9)10/h1-4H,(H,9,10)",C7H5ClO2,155.9978071,OC(=O)C1=CC=C(Cl)C=C1,NS00006929,
"5-Nitroisophthalic acid",KK2-L03-C1,KWR,Clusters,13,1,"MilliQ Water",618-88-2,C8H5NO6,212.01896335177,NA,C8H5NO6,211.011686885,618-88-2,CAS-RN,DTXSID7041540,DTXSID7041540,"5-Nitroisophthalic acid",618-88-2,NBDAHKQJXVLAID-UHFFFAOYSA-N,"5-Nitrobenzene-1,3-dicarboxylic acid",OC(=O)C1=CC(=CC(=C1)C(O)=O)[N+]([O-])=O,"InChI=1S/C8H5NO6/c10-7(11)4-1-5(8(12)13)3-6(2-4)9(14)15/h1-3H,(H,10,11)(H,12,13)",C8H5NO6,211.011686885,OC(=O)C1=CC(=CC(=C1)C(O)=O)[N+]([O-])=O,NS00001706,
Benzocaine,KK2-L05-C5,KWR,Clusters,13,1,"MilliQ Water",94-09-7,C9H11NO2,166.08625506477,pos,C9H11NO2,165.078978598,94-09-7,CAS-RN,DTXSID8021804,DTXSID8021804,Benzocaine,94-09-7,BLFLLBZGZJTVJG-UHFFFAOYSA-N,"Ethyl 4-aminobenzoate",CCOC(=O)C1=CC=C(N)C=C1,"InChI=1S/C9H11NO2/c1-2-12-9(11)7-3-5-8(10)6-4-7/h3-6H,2,10H2,1H3",C9H11NO2,165.078978598,CCOC(=O)C1=CC=C(N)C=C1,NS00001814,
"4-Nitroanthranilic acid",KK2-L05-D4,KWR,Clusters,13,1,"MilliQ Water",619-17-0,C7H6N2O4,183.04003314777,neg,C7H6N2O4,182.032756681,619-17-0,CAS-RN,DTXSID8020963,DTXSID8020963,"4-Nitroanthranilic acid",619-17-0,UEALKTCRMBVTFN-UHFFFAOYSA-N,"2-Amino-4-nitrobenzoic acid",NC1=C(C=CC(=C1)[N+]([O-])=O)C(O)=O,"InChI=1S/C7H6N2O4/c8-6-3-4(9(12)13)1-2-5(6)7(10)11/h1-3H,8H2,(H,10,11)",C7H6N2O4,182.032756681,NC1=C(C=CC(=C1)[N+]([O-])=O)C(O)=O,NS00034843,
"2,2',3,4,4',5'-Hexachlorobiphenyl",KK2-L01-B5,KWR,Clusters,17,1,"MilliQ Water",35065-28-2,C12H4Cl6,358.85169276677,NA,C12H4Cl6,357.8444163,35065-28-2,CAS-RN,DTXSID8038300,DTXSID8038300,"2,2',3,4,4',5'-Hexachlorobiphenyl",35065-28-2,RPUMZMSNLZHIGZ-UHFFFAOYSA-N,"2,2',3,4,4',5'-Hexachloro-1,1'-biphenyl",ClC1=CC(Cl)=C(C=C1Cl)C1=C(Cl)C(Cl)=C(Cl)C=C1,InChI=1S/C12H4Cl6/c13-7-2-1-5(11(17)12(7)18)6-3-9(15)10(16)4-8(6)14/h1-4H,C12H4Cl6,357.8444163,ClC1=CC(Cl)=C(C=C1Cl)C1=C(Cl)C(Cl)=C(Cl)C=C1,NS00005294,
"1,4-Dichlorobenzene",KK2-L05-C4,KWR,Clusters,17,1,"MilliQ Water",106-46-7,C6H4Cl2,146.97628196677002,NA,C6H4Cl2,145.9690055,106-46-7,CAS-RN,DTXSID1020431,DTXSID1020431,"1,4-Dichlorobenzene",106-46-7,OCJBOOLMMGQPQU-UHFFFAOYSA-N,"1,4-Dichlorobenzene",ClC1=CC=C(Cl)C=C1,InChI=1S/C6H4Cl2/c7-5-1-2-6(8)4-3-5/h1-4H,C6H4Cl2,145.9690055,ClC1=CC=C(Cl)C=C1,NS00010822,
"Benzyldimethyldodecylammonium chloride",KK2-L03-B3,KWR,Clusters,20,1,"MilliQ Water",139-07-1,C21H38ClN,304.2998767,"pos - no Cl",C21H38ClN,339.2692779,139-07-1,CAS-RN,DTXSID2040787,DTXSID2040787,"Benzyldimethyldodecylammonium chloride",139-07-1,JBIROUFYLSSYDX-UHFFFAOYSA-M,"N-Benzyl-N,N-dimethyldodecan-1-aminium chloride",[Cl-].CCCCCCCCCCCC[N+](C)(C)CC1=CC=CC=C1,"InChI=1S/C21H38N.ClH/c1-4-5-6-7-8-9-10-11-12-16-19-22(2,3)20-21-17-14-13-15-18-21;/h13-15,17-18H,4-12,16,19-20H2,1-3H3;1H/q+1;/p-1",C21H38ClN,339.2692779,CCCCCCCCCCCC[N+](C)(C)CC1=CC=CC=C1,NS00001938,
"4-Chlorobenzoic acid",KK2-L06-D1,KWR,Clusters,12,1,"MilliQ Water",74-11-3,C7H5ClO2,157.00508356677,neg,C7H5ClO2,155.9978071,74-11-3,CAS-RN,DTXSID9024772,DTXSID9024772,"4-Chlorobenzoic acid",74-11-3,XRHGYUZYPHTUJZ-UHFFFAOYSA-N,"4-Chlorobenzoic acid",OC(=O)C1=CC=C(Cl)C=C1,"InChI=1S/C7H5ClO2/c8-6-3-1-5(2-4-6)7(9)10/h1-4H,(H,9,10)",C7H5ClO2,155.9978071,OC(=O)C1=CC=C(Cl)C=C1,,
Gemfibrozil,,noFrag,noFrag,11,"1; 0.01","MilliQ Water",25812-30-0,C15H22O3,251.16417103477002,neg,C15H22O3,250.156894568,,,DTXSID0020652,DTXSID0020652,Gemfibrozil,25812-30-0,HEMJJKBWTPKOJG-UHFFFAOYSA-N,"5-(2,5-Dimethylphenoxy)-2,2-dimethylpentanoic acid",CC1=CC(OCCCC(C)(C)C(O)=O)=C(C)C=C1,"InChI=1S/C15H22O3/c1-11-6-7-12(2)13(10-11)18-9-5-8-15(3,4)14(16)17/h6-7,10H,5,8-9H2,1-4H3,(H,16,17)",C15H22O3,250.156894568,,,https://www.mzcloud.org/DataViewer#/Main/reference$3232/T5352%23Standard/Recalibrated/628654
Triadimenol,,noFrag,noFrag,18,"1; 0.01","MilliQ Water",55219-65-3,C14H18ClN3O2,296.11603096677,pos,C14H18ClN3O2,295.1087545,,,DTXSID0032493,DTXSID0032493,Triadimenol,55219-65-3,BAZVSMNPJJMILC-UHFFFAOYSA-N,"1-(4-Chlorophenoxy)-3,3-dimethyl-1-(1H-1,2,4-triazol-1-yl)butan-2-ol",CC(C)(C)C(O)C(OC1=CC=C(Cl)C=C1)N1C=NC=N1,"InChI=1/C14H18ClN3O2/c1-14(2,3)12(19)13(18-9-16-8-17-18)20-11-6-4-10(15)5-7-11/h4-9,12-13,19H,1-3H3",C14H18ClN3O2,295.1087545,,,https://www.mzcloud.org/DataViewer#/Main/reference$2083/T3013%23Standard/Recalibrated/306418
Sucralose,,noFrag,noFrag,6,"1; 0.01","MilliQ Water",56038-13-2,C12H19Cl3O8,397.02182716677,neg,C12H19Cl3O8,396.0145507,,,DTXSID1040245,DTXSID1040245,Sucralose,56038-13-2,BAQAVOSOZGMPRM-QBMZZYIRSA-N,"1,6-Dichloro-1,6-dideoxy-beta-D-fructofuranosyl 4-chloro-4-deoxy-alpha-D-galactopyranoside",OC[C@H]1O[C@H](O[C@]2(CCl)O[C@H](CCl)[C@@H](O)[C@@H]2O)[C@H](O)[C@@H](O)[C@H]1Cl,"InChI=1S/C12H19Cl3O8/c13-1-4-7(17)10(20)12(3-14,22-4)23-11-9(19)8(18)6(15)5(2-16)21-11/h4-11,16-20H,1-3H2/t4-,5-,6+,7-,8+,9-,10+,11-,12+/m1/s1",C12H19Cl3O8,396.0145507,,,"no record"
MCPA,,noFrag,noFrag,16,"1; 0.01","MilliQ Water",94-74-6,C9H9ClO3,201.03129826677002,neg,C9H9ClO3,200.0240218,,,DTXSID4024195,DTXSID4024195,MCPA,94-74-6,WHKUVVPPKQRRBV-UHFFFAOYSA-N,"(4-Chloro-2-methylphenoxy)acetic acid",CC1=C(OCC(O)=O)C=CC(Cl)=C1,"InChI=1S/C9H9ClO3/c1-6-4-7(10)2-3-8(6)13-5-9(11)12/h2-4H,5H2,1H3,(H,11,12)",C9H9ClO3,200.0240218,,,https://www.mzcloud.org/DataViewer#/Main/reference$1649/T2514%23Standard/Recalibrated/278248
Ibuprofen,,noFrag,noFrag,,"1; 0.01","MilliQ Water",15687-27-1,C13H18O2,207.13795628677002,neg,C13H18O2,206.13067982,,,DTXSID5020732,DTXSID5020732,Ibuprofen,15687-27-1,HEFNNWSXXWATRW-UHFFFAOYSA-N,"2-[4-(2-Methylpropyl)phenyl]propanoic acid",CC(C)CC1=CC=C(C=C1)C(C)C(O)=O,"InChI=1/C13H18O2/c1-9(2)8-11-4-6-12(7-5-11)10(3)13(14)15/h4-7,9-10H,8H2,1-3H3,(H,14,15)",C13H18O2,206.13067982,,,https://www.mzcloud.org/DataViewer#/Main/reference$4520/T7553%23Standard/Recalibrated/1162196
"4-Chlorobenzoic acid",,noFrag,noFrag,12,"1; 0.01","MilliQ Water",74-11-3,C7H5ClO2,157.00508356677,neg,C7H5ClO2,155.9978071,,,DTXSID9024772,DTXSID9024772,"4-Chlorobenzoic acid",74-11-3,XRHGYUZYPHTUJZ-UHFFFAOYSA-N,"4-Chlorobenzoic acid",OC(=O)C1=CC=C(Cl)C=C1,"InChI=1S/C7H5ClO2/c8-6-3-1-5(2-4-6)7(9)10/h1-4H,(H,9,10)",C7H5ClO2,155.9978071,,,https://www.mzcloud.org/DataViewer#/Main/reference$133/T235%23Standard/Recalibrated/23706
Ioprodione,,noFrag,noFrag,,"1; 0.01","MilliQ Water",36734-19-7,C13H13Cl2N3O3,330.04027646677,neg,C13H13Cl2N3O3,329.033,,,,,Ioprodione,36734-19-7,ONUFESLQCSAYKA-UHFFFAOYSA-N,,CC(C)NC(=O)N1CC(=O)N(C1=O)C2=CC(=CC(=C2)Cl)Cl,,C13H13Cl2N3O3,329.033,,,https://www.mzcloud.org/DataViewer#/Main/reference$2917/T4223%23Standard/Recalibrated/434062
